Time[s],X[m],Y[m],Yaw[rad],V[m/s],steering angle[rad],acceleration[m/s^2],calculation time[ms],progressed distance[m]
0.0,0.0,15.0,0.0,5.0,0.0,0.0,0.0,0.9967518544328554
0.1,0.5059172954905269,14.980228093512757,-0.008775917679553324,5.126102579957171,-0.06926375615137594,1.2610257995717034,3.4557,1.5023310636957912
0.2,1.0197446723770587,14.91881527265798,-0.03398363896408764,5.223859537502133,-0.1933290660342269,0.9775695754496234,3.1993,2.017056967719318
0.30000000000000004,1.5323891627676431,14.800470798044033,-0.07863951282370243,5.299558050999049,-0.33174592335880676,0.7569851349691654,3.1524,2.5380469319760977
0.4,2.036178257852786,14.627042912968362,-0.13766543571303938,5.3580799525234815,-0.42647307820197927,0.5852190152443296,3.2788,3.0647331481908027
0.5,2.5307000820953878,14.41521467396285,-0.20047423952645027,5.4032991659998615,-0.4476739588084409,0.4521921347638038,2.928,3.597660726878734
0.6,3.016036305790026,14.173962485594005,-0.2622512442339736,5.4382377680615805,-0.4378670865691605,0.34938602061719376,3.0065,4.136235294082081
0.7,3.486796547838953,13.899195391056836,-0.32556569804295105,5.465182469845386,-0.4455756124146862,0.26944701783805797,2.394,4.67875673568843
0.7999999999999999,3.944628181359782,13.599002258689561,-0.38647184373909893,5.485952452262987,-0.42813571597007855,0.20769982417601432,2.105,5.2243134652545224
0.8999999999999999,4.3908654243924525,13.27864704692546,-0.44315194528008367,5.501967014004513,-0.39911264635871774,0.16014561741525932,1.9454,5.772028760279275
0.9999999999999999,4.821633610279796,12.93549007489429,-0.49838156311273796,5.5142945748472245,-0.3885779175815992,0.12327560842712063,1.3431,6.321183739960968
1.0999999999999999,5.238565997776282,12.573969896141051,-0.5504727452532869,5.523790852031025,-0.36702942297940566,0.09496277183800708,1.6939,6.871680623417578
1.2,5.646195571425491,12.200726047467006,-0.5966403006305553,5.531110375852968,-0.3267144371088977,0.07319523821943226,1.5166,7.423481318218951
1.3,6.040943247730481,11.81295219120106,-0.6401953422757201,5.536729533856712,-0.30861107016654454,0.056191580037441125,1.2229,7.976144257708582
1.4000000000000001,6.425062063840574,11.413946431198859,-0.6800194131285034,5.541057347724618,-0.28282574054003695,0.04327813867906385,1.339,8.529459457851551
1.5000000000000002,6.800971157879153,11.006664656896046,-0.7153299807818273,5.544392753781402,-0.25147954563180663,0.033354060567837976,1.5014,9.083337294802913
1.6000000000000003,7.169286183331586,10.592099722538265,-0.7467036892619747,5.546960065169339,-0.22393578751341572,0.025673113879367417,1.251,9.637608619410049
1.7000000000000004,7.529507397875419,10.170179081699889,-0.7752629406001785,5.548935943861177,-0.20412542386606108,0.01975878691838507,1.2361,10.192143405700136
1.8000000000000005,7.882857663161706,9.742256117453985,-0.8008892724453542,5.55045733504275,-0.18341239163183068,0.01521391181572673,1.2268,10.746923074969127
1.9000000000000006,8.232559047098508,9.311166868140608,-0.8224089558568932,5.551630579565903,-0.15429954098260223,0.01173244523153734,1.7385,11.30193121981343
2.0000000000000004,8.576613452300014,8.87542276750987,-0.841904392541576,5.552532929912962,-0.13988303555092346,0.009023503470585635,0.9806,11.857075472786914
2.1000000000000005,8.916761196139191,8.436518577001246,-0.8588601743674775,5.553227078037616,-0.12176349708397519,0.006941481246544759,0.8569,12.412322322998534
2.2000000000000006,9.254422144715942,7.995618437822289,-0.8730870019413859,5.553762628367099,-0.10224811088188353,0.005355503294824913,0.8382,12.967659667421762
2.3000000000000007,9.590524830635067,7.5534678013712435,-0.8847252599424805,5.554174759976834,-0.08369711986820644,0.004121316097358016,0.8108,13.523061260830506
2.400000000000001,9.924789963860958,7.109879505903822,-0.8945515642324713,5.554492802009765,-0.0706913010008152,0.003180420329306878,0.8515,14.078494770112217
2.500000000000001,10.257880817360075,6.665372711443309,-0.9026372207634282,5.554737377644198,-0.05818552301692066,0.002445756344330415,0.9155,14.633939661152354
2.600000000000001,10.593277718877186,6.222574943728489,-0.9074919132099203,5.554925995398088,-0.03494944526358328,0.0018861775388995044,0.8506,15.1893958070127
2.700000000000001,10.928703973241722,5.779778106702827,-0.9111523717251059,5.555072304351587,-0.026354127400345165,0.0014630895349805107,0.8593,15.74483714293436
2.800000000000001,11.265445533205174,5.337964234895705,-0.9131993650361011,5.555183917417164,-0.014738818841506374,0.0011161306557766724,2.6762,16.30023314684993
2.9000000000000012,11.606045747776829,4.899105575493671,-0.9126133399877794,5.555269501418982,0.004219614465244742,0.0008558400181765611,1.7378,16.855552988793562
3.0000000000000013,11.951566293573766,4.464100772423778,-0.909426368732713,5.55533601712963,0.022944720451410685,0.0006651571064777246,0.8229,17.410784163288618
3.1000000000000014,12.300527515307472,4.031843939797766,-0.9050835420072812,5.555386527825792,0.03126307918172284,0.0005051069616239429,0.8221,17.965883696936295
3.2000000000000015,12.655127920068855,3.6041959088216178,-0.898602801682939,5.555425605253914,0.04664144039982426,0.0003907742812144343,0.8878,18.520752840214662
3.3000000000000016,13.01998221686944,3.185259701868294,-0.8877972546237209,5.555455661935062,0.0777037156344974,0.0003005668114794801,0.902,19.0753494974491
3.4000000000000017,13.390701231913045,2.7715011754236545,-0.87619303576258,5.555478945276129,0.08343058884132726,0.00023283341067530648,1.0843,19.62955559381826
3.5000000000000018,13.768324638894612,2.3640324773237604,-0.8633196264893513,5.555496525199635,0.09252444623307038,0.00017579923505144058,1.6174,20.183001083910124
3.600000000000002,14.160227993220158,1.970282299071529,-0.8448997574271995,5.555510060216768,0.13214231584888006,0.00013535017133981667,2.0186,20.73545501900021
3.700000000000002,14.563490091316257,1.588175281967531,-0.8238367913085817,5.555520542175077,0.15093560838156062,0.00010481958308206162,1.9227,21.28653781524527
3.800000000000002,14.983506959518076,1.2245741327287225,-0.7969693428706995,5.555528569204885,0.19196471459590378,8.027029807662964e-05,1.0982,21.83588840631387
3.900000000000002,15.440208185413082,0.9083340731567442,-0.7504958637013007,5.555534918041612,0.3271953768082132,6.348836727188187e-05,1.0048,22.383856263729488
4.000000000000002,15.92801854570161,0.6426549192621365,-0.6895257150665003,5.5555398467461155,0.4228199990145191,4.928704502822494e-05,0.7905,22.93115313972588
4.100000000000001,16.43967752880137,0.42650802864626824,-0.6195078007802678,5.555543993414386,0.48026805808478934,4.146668270839025e-05,0.5942,23.479243313124133
4.200000000000001,16.970295718433793,0.2623964249897748,-0.5424662407098083,5.555547813616849,0.5235987755982988,3.820202462838768e-05,0.3126,24.029954381702016
4.300000000000001,17.50328064357684,0.10597147648903596,-0.48025219248513146,5.555549896415028,0.43082331994847634,2.082798178040283e-05,1.1045,24.586230487348082
4.4,18.05137186788298,0.016045818648371832,-0.40366398057610725,5.555551671590092,0.5208356130412447,1.775175064324525e-05,0.4617,25.142998981099016
4.5,18.604826333510985,-0.030614349319454344,-0.3266223286593492,5.555553381702693,0.5235987755982988,1.7101126006802358e-05,0.1211,25.697678085845318
4.6,19.160230507511336,-0.03453922805667052,-0.24958065370881927,5.555554993567924,0.5235987755982988,1.611865230463514e-05,0.1275,26.24844577164469
4.699999999999999,19.714289452404795,0.0042945038131342456,-0.1725389572729798,5.555556480358098,0.5235987755982988,1.4867901742864291e-05,0.1282,26.794860816627434
4.799999999999999,20.2637162044201,0.08565649878691933,-0.09549724123435523,5.555557820721796,0.5235987755982988,1.3403636977066979e-05,0.1219,27.33659255668923
4.899999999999999,20.805251274739845,0.2090641058238365,-0.018455507729798388,5.555558999330674,0.5235987755982988,1.178608878481809e-05,0.1278,27.87529199503063
4.999999999999998,21.335681987967366,0.3737852328845257,0.058586240938185756,5.555560007622382,0.5235987755982988,1.0082917077253275e-05,0.1251,28.41236683878059
5.099999999999998,21.85186154288115,0.5788426896819888,0.13562800238211656,5.555560841903905,0.5235987755982988,8.342815227098705e-06,0.1285,28.948667981941284
5.1999999999999975,22.35072768233241,0.8230199848536648,0.21266977420395317,5.555561504345239,0.5235987755982988,6.624413343679648e-06,0.1295,29.485435740767926
5.299999999999997,22.829320861563737,1.1048685431928293,0.28971155408086996,5.55556200362409,0.5235987755982988,4.992788502487557e-06,0.1256,30.023122151714173
5.399999999999997,23.284801806907424,1.4227163000092287,0.3667533398345109,5.555562351898456,0.5235987755982988,3.4827436630462415e-06,0.1267,30.561933299054612
5.4999999999999964,23.714468299459888,1.774677567332143,0.44379511814645184,5.555560930366838,0.5235987755982988,-1.4215316190736347e-05,1.6278,31.1021288701146
5.599999999999996,24.115771295378536,2.1586642683390376,0.5208368780392651,5.555559695454102,0.5235987755982988,-1.2349127359473113e-05,2.3414,31.64342167732042
5.699999999999996,24.48633010171489,2.5723983987404857,0.5978786227565895,5.555558741726695,0.5235987755982988,-9.537274071153564e-06,2.4767,32.18528161605305
5.799999999999995,24.82394641325024,3.0134254862431624,0.6749203557445609,5.555558003822758,0.5235987755982988,-7.379039367930743e-06,2.5251,32.72720519927892
5.899999999999995,25.126617348723624,3.47912914512326,0.7519620796561451,5.555557432711517,0.5235987755982988,-5.711112411012684e-06,1.4285,33.26852396154777
5.999999999999995,25.477778764993914,3.909594282089238,0.784712104357645,5.5555569979732935,0.23313839000997322,-4.347382228542175e-06,1.0555,33.821448864282864
6.099999999999994,25.83117661696985,4.338240785121103,0.8082509972749901,5.555556664223087,0.16847937111646719,-3.337502058296566e-06,1.1057,34.37560393694609
6.199999999999994,26.175534810194144,4.774183478445529,0.8311509270071505,5.555556414896792,0.16395748011029002,-2.493262957707355e-06,0.7967,34.92997746714838
6.299999999999994,26.508269113885813,5.219060357154747,0.8548995778608451,5.555556218110862,0.16996289996342928,-1.967859298373221e-06,0.7779,35.48443638486458
6.399999999999993,26.82825886897546,5.673188856192445,0.8797664794375462,5.555556075211102,0.17786378458964114,-1.4289975936722806e-06,0.9351,36.03891872747916
6.499999999999993,27.135292765136185,6.13617399652847,0.9054556334242808,5.555555960506115,0.1836645513464824,-1.1470498746855491e-06,0.4216,36.59340450835283
6.5999999999999925,27.429412783518956,6.607467773538695,0.9316193021868748,5.555555871906831,0.1870086428669153,-8.859928336733182e-07,0.5388,37.147892194725785
6.699999999999992,27.71032233660576,7.086752330521528,0.9581786132368767,5.555555791167485,0.1897949026732778,-8.073934548386548e-07,0.5165,37.70237460132877
6.799999999999992,27.97783029225267,7.573643443235946,0.9850245759452545,5.555555729990039,0.19181246708573535,-6.117744655154278e-07,0.8226,38.25684124071146
6.8999999999999915,28.231677984840047,8.067793692037664,1.012113535176981,5.555555692451195,0.1935220094515291,-3.753884444863185e-07,0.8849,38.81127654480895
6.999999999999991,28.471346418595974,8.568973979561596,1.0395425790087711,5.555555660866873,0.1959134076721901,-3.1584322238318446e-07,0.5228,39.36566392760067
7.099999999999991,28.696701665034947,9.076750825145707,1.0672001533051159,5.555555639118599,0.19751960090984808,-2.1748274489469537e-07,0.5366,39.92000949781522
7.19999999999999,28.90718390475384,9.590870492925294,1.0952094960998955,5.555555618425833,0.19999071424862572,-2.0692765440210443e-07,0.8372,40.47431932853511
7.29999999999999,29.10266278522184,10.110879587394306,1.1234628097295483,5.555555603617369,0.20170367714029425,-1.4808463356695876e-07,0.6093,41.02856403618933
7.39999999999999,29.28204913554448,10.636656239923084,1.152327821497624,5.555555592632995,0.20599527107094787,-1.0984374342896562e-07,0.905,41.58270364527632
7.499999999999989,29.44481633114415,11.167812008217242,1.1818189959631256,5.555555583622414,0.21038346520325113,-9.010580852159078e-08,0.565,42.13675515226323
7.599999999999989,29.590524649488533,11.703897612743217,1.2119104887605512,5.555555577594615,0.21458581841604518,-6.027799996498406e-08,0.8243,42.69070510087584
7.699999999999989,29.717523699749677,12.244719349622642,1.2431301787915054,5.555555572581788,0.22247064263189398,-5.012826690228162e-08,0.6484,43.244498133738176
7.799999999999988,29.8238398139499,12.789981717879824,1.2760136830821487,5.5555555685495746,0.2340673924747178,-4.032213727340806e-08,0.6523,43.79813999030465
7.899999999999988,29.911493693800818,13.338553002632624,1.3091966878466466,5.555555565552985,0.23615081638335378,-2.9965895359803093e-08,0.5519,44.35172847890856
7.999999999999988,29.977854909139477,13.890103105966409,1.3437175281070375,5.555555563206302,0.24544158376000916,-2.346683244589934e-08,0.7798,44.905244199607544
8.099999999999987,30.02097582643165,14.44395199742996,1.3800596193491024,5.555555561426337,0.2580472193030507,-1.7799643161401307e-08,0.8847,45.45861186423568
8.199999999999987,30.040116553247135,14.999144261322401,1.4180703072365726,5.555555560053553,0.2695519020267875,-1.372784638218811e-08,0.8826,46.011889337449325
8.299999999999986,30.036272560456503,15.554651623885933,1.4568962903069482,5.555555558982218,0.27515731168182817,-1.0713348712220268e-08,0.6993,46.565171449408496
8.399999999999986,30.008511692178725,16.109476337091003,1.4967491975247111,5.555555558223706,0.2822025205938761,-7.585115086979216e-09,0.8343,47.11850007884968
8.499999999999986,29.957092589407225,16.662609035220697,1.5372900217200807,5.555555557566557,0.2869123280783193,-6.571487654876703e-09,0.8842,47.67190539532624
8.599999999999985,29.88220540878767,17.21305486431938,1.578310095810507,5.555555557053978,0.29018886522262965,-5.1257936553657886e-09,0.8239,48.225361314845
8.699999999999985,29.784471613371934,17.75990629889373,1.6194788647602167,5.555555556711656,0.2912046825947474,-3.4232202953252527e-09,0.3819,48.778869930217695
8.799999999999985,29.665201446672455,18.30246859638477,1.6602522909873794,5.555555556446626,0.2885030605885517,-2.6503094633828327e-09,0.7272,49.33249710175195
8.899999999999984,29.52568244532685,18.84018164112772,1.7002307293596082,5.555555556229729,0.28306254816589554,-2.1689652191949953e-09,0.6357,49.886244128072306
8.999999999999984,29.365055015703245,19.371971028256375,1.7400858361711724,5.5555555560854835,0.2822175925925219,-1.442453459913828e-09,0.3654,50.44005537687566
9.099999999999984,29.184842722420843,19.897447987022957,1.779261234123901,5.555555555965781,0.27755638977620034,-1.1970282835037333e-09,0.5698,50.993939136573104
9.199999999999983,28.986205627419498,20.41624243883714,1.817495316324011,5.555555555867983,0.27108886028172163,-9.779827122898972e-10,0.6225,51.54790900020376
9.299999999999983,28.76887099244396,20.927486949394854,1.8552615563199963,5.555555555810854,0.26786919155820893,-5.712880016960382e-10,0.8763,52.10192957320338
9.399999999999983,28.533644296522066,21.430751153784236,1.892423331227857,5.555555555750007,0.2637041989451532,-6.084698590012616e-10,0.6142,52.655990389930935
9.499999999999982,28.281677111336844,21.925847765554096,1.928706503559307,5.5555555557071825,0.25764019850437503,-4.282415037261229e-10,0.6061,53.21011190174008
9.599999999999982,28.013656721814893,22.41244286152589,1.9641223730902437,5.555555555672182,0.2516426503355312,-3.500017879849378e-10,0.5669,53.76429016934622
9.699999999999982,27.729262184880007,22.889653608267547,1.9991891247189895,5.555555555649845,0.24922525396700812,-2.2336720878704492e-10,0.3404,54.31849706704837
9.799999999999981,27.42964421024355,23.357457683278206,2.0335649736302615,5.555555555627469,0.24443592462752375,-2.2375895891344652e-10,0.4996,54.87273343182456
9.89999999999998,27.115514891469132,23.815645026784388,2.0672048646217225,5.555555555614807,0.23932661544628003,-1.266246530854919e-10,0.4529,55.427000332449694
9.99999999999998,26.786925426634664,24.263576443220828,2.1004262853580817,5.555555555599945,0.23641795919415912,-1.4861957711690283e-10,0.6656,55.98128081661297
10.09999999999998,26.44428984286596,24.700857886523174,2.1332866003173385,5.555555555590312,0.23390602772287222,-9.633595582488839e-11,0.6276,56.53556520314754
10.19999999999998,26.088304228565125,25.12734263492544,2.1656735670224667,5.55555555558209,0.23061053885965133,-8.22212339800418e-11,0.3554,57.08984572607813
10.29999999999998,25.719131122924605,25.54246507374964,2.1978056452855252,5.555555555576261,0.22883469331678383,-5.829488554575975e-11,0.475,57.644112722924596
10.399999999999979,25.336873688919653,25.94557143253688,2.229900670584701,5.555555555571927,0.2285764650524019,-4.3330308858185084e-11,0.3094,58.19836550923357
10.499999999999979,24.94217530526328,26.336504895572656,2.261810871965434,5.555555555568291,0.22728811414238465,-3.6357906179624426e-11,0.5545,58.752589661043444
10.599999999999978,24.535057786083197,26.714487642039984,2.293815692351073,5.555555555565417,0.22794773292718817,-2.8741094819571114e-11,0.6055,59.30676071436121
10.699999999999978,24.11579295934677,27.07894936821897,2.3259939359866206,5.555555555563207,0.22915640096363352,-2.209568729289214e-11,0.6186,59.86088681698172
10.799999999999978,23.68508509021086,27.42981423013996,2.3581267858823933,5.555555555561636,0.22884007075280197,-1.5715255695251366e-11,0.6007,60.414944539515204
10.899999999999977,23.242491569988886,27.765560250008708,2.3908625697414236,5.555555555560341,0.2330393359384776,-1.2951653969487422e-11,0.5223,60.96887870024056
10.999999999999977,22.787997671187355,28.085010129562882,2.4244683803418963,5.55555555555904,0.23908982682068794,-1.3011662294660496e-11,0.9769,61.522701387413704
11.099999999999977,22.323081555985024,28.389092372645916,2.4580306933195235,5.555555555558409,0.23878758363566785,-6.3069964327843876e-12,0.8519,62.076396385387625
11.199999999999976,21.84695320696067,28.675296703114714,2.4926656087026937,5.55555555555783,0.24623259253023788,-5.787493155186758e-12,0.9757,62.629860555051465
11.299999999999976,21.3593966734351,28.941561185637777,2.5289323485502075,5.5555555555573894,0.25752667089327863,-4.406830791263343e-12,1.2007,63.18306802175061
11.399999999999975,20.862422392848643,29.18980413011592,2.565281011370039,5.5555555555570635,0.25809261381877485,-3.2576657432803468e-12,1.1999,63.73597422290389
11.499999999999975,20.355170410810224,29.416299611488004,2.6033123424345024,5.55555555555665,0.26969396093300657,-4.143146579435567e-12,1.2909,64.28838917550073
11.599999999999975,19.836787011310523,29.61599037259099,2.6447809349459623,5.555555555556491,0.29325181450173626,-1.5867744586325791e-12,1.1586,64.84027562059038
11.699999999999974,19.309869215637697,29.791925916249973,2.6872089756284208,5.555555555556283,0.2997924882901908,-2.0822125738204737e-12,1.6829,65.3916183968917
11.799999999999974,18.773572588925692,29.936745657253386,2.733515260352867,5.555555555556209,0.3260673579468793,-7.374804178507075e-13,1.0052,65.94221967408534
11.899999999999974,18.22869661029134,30.044837872822,2.7850180470292605,5.555555555556156,0.360840791947535,-5.37109801067794e-13,0.7571,66.492215986347
11.999999999999973,17.678131822988497,30.118627671648422,2.839185226126918,5.555555555556127,0.3784678051498958,-2.8795852150345436e-13,0.7909,67.041941403228
12.099999999999973,17.123754345451797,30.15357044012392,2.897212085759064,5.555555555556089,0.4037485001966676,-3.857493063689133e-13,0.9703,67.59139181791275
12.199999999999973,16.56833804181045,30.1461786689282,2.9595917557519056,5.555555555556061,0.4318860560716752,-2.8598300999641007e-13,0.9182,68.14091312062692
12.299999999999972,16.014872280534853,30.099162517208548,3.024129165030747,5.555555555555878,0.44568345597246395,-1.8333305863574404e-12,1.8941,68.69084152298913
12.399999999999972,15.46540658422221,30.017774128071448,3.088135904645769,5.5555555555558955,0.44229954732976995,1.769302084355538e-13,1.8536,69.24136181678566
12.499999999999972,14.92341808675075,29.896211566962197,-3.128763926933408,5.555555555555736,0.45678661789437647,-1.5947752054565444e-12,2.2334,69.79240633578678
12.599999999999971,14.389756902861132,29.7421355381854,-3.063870251320712,5.555555555555637,0.44795179491240544,-9.857624058296442e-13,2.1955,70.34418315188701
12.69999999999997,13.864467364016953,29.56153641496434,-3.002507121510056,5.555555555555706,0.42535101558225885,6.96606413751643e-13,1.5295,70.89659755717337
12.79999999999997,13.351883555908936,29.347525409811187,-2.9404280794727606,5.555555555555505,0.42995572118192826,-2.0167451430634107e-12,1.4261,71.44936482056976
12.89999999999997,12.849806023761744,29.109885973627023,-2.8820554922276074,5.555555555555439,0.4059979959659191,-6.568397437837567e-13,0.8946,72.00271230697692
12.99999999999997,12.358180282516548,28.851294116078183,-2.827565769236468,5.555555555555562,0.38059207820244606,1.2291973177114848e-12,0.7729,72.55643415836826
13.09999999999997,11.879754750675897,28.56902049608904,-2.77443760370336,5.5555555555556415,0.37161068061613,8.024615281556965e-13,0.7877,73.11035273584888
13.199999999999969,11.411968836445684,28.269427152237782,-2.7252814525570175,5.555555555555716,0.34520108430903695,7.425880098547552e-13,0.7996,73.66459991680574
13.299999999999969,10.954999619001716,27.953567705196217,-2.6794931705990317,5.55555555555577,0.32257344958803774,5.384759628561186e-13,0.7849,74.21903249029158
13.399999999999968,10.510290307192484,27.620662127037207,-2.6356307658819147,5.555555555555798,0.30954118056942603,2.714789516174807e-13,0.7357,74.77358807542942
13.499999999999968,10.074847395401273,27.27571205988588,-2.5957536705881252,5.555555555555497,0.2823682559603863,-3.007405065607564e-12,0.8119,75.32835598419315
13.599999999999968,9.648996440373685,26.918979638895262,-2.5589061975205043,5.555555555555361,0.26153629405705986,-1.3572470514817654e-12,0.8642,75.8832374829892
13.699999999999967,9.233214009500783,26.55055588115027,-2.5242553269760557,5.555555555555314,0.24634321200988724,-4.746761806409123e-13,0.8932,76.43819010960837
13.799999999999967,8.825574600132919,26.17313503986362,-2.4927084408864766,5.555555555555258,0.2247541906378453,-5.559438043210015e-13,0.8415,76.99326216757746
13.899999999999967,8.425754392472733,25.78743522674308,-2.4638420806624772,5.555555555555256,0.20600472803758874,-1.9107424250514162e-14,0.8894,77.548411050127
13.999999999999966,8.034204932095111,25.393338495259623,-2.4368333046291446,5.555555555555233,0.19295798361078914,-2.282820923362551e-13,0.8464,78.10359957821733
14.099999999999966,7.649726551705887,24.99233653620723,-2.412064183796767,5.555555555555186,0.17717348642685063,-4.693321101726818e-13,0.8627,78.6588539403489
14.199999999999966,7.2710687639285485,24.585830055638393,-2.3898111316961197,5.5555555555551965,0.15937534001909548,1.0943539354324673e-13,0.7793,79.21416652559351
14.299999999999965,6.899152392536306,24.17314492931559,-2.36896711933255,5.5555555555552365,0.14938008841888378,4.0112994869126456e-13,0.6832,79.76950168982601
14.399999999999965,6.533177793300717,23.75517957948865,-2.3497134985106176,5.555555555555213,0.1380760581105475,-2.2873131819187385e-13,0.7805,80.32486743059944
14.499999999999964,6.171703487015916,23.333313826733647,-2.3325373666348512,5.555555555555388,0.12327694132131378,1.7458924752980647e-12,0.6393,80.88027351289777
14.599999999999964,5.815698794363575,22.906821225061986,-2.316403609971949,5.555555555555399,0.11583855550396194,1.0682544881697741e-13,0.6881,81.43569827580505
14.699999999999964,5.464284184329493,22.476537478362662,-2.301589435574001,5.555555555555523,0.10641059979949251,1.2403111835922003e-12,0.6081,81.99113833866598
14.799999999999963,5.116917434479634,22.04297821265151,-2.2881008756499783,5.5555555555556095,0.0969276448962385,8.57992170216481e-13,0.6129,82.54660052036638
14.899999999999963,4.773181285549329,21.606533961236483,-2.2758651254412277,5.555555555555477,0.08795547645836609,-1.3256979840007234e-12,0.7832,83.1020819139
14.999999999999963,4.433277255154472,21.16709808333585,-2.2644786577577656,5.555555555555574,0.0818681355019301,9.698004633465477e-13,0.5478,83.65757180531573
15.099999999999962,4.09665047490177,20.725146059409933,-2.2540547725458757,5.55555555555547,0.07496413376615507,-1.043415662562964e-12,0.7234,84.21307111011907
15.199999999999962,3.762676521108917,20.281185330994635,-2.244711826334876,5.5555555555555785,0.06720593068302302,1.085759320273995e-12,0.6137,84.76858431111928
15.299999999999962,3.4315013206618676,19.835132575942684,-2.2361132493138376,5.555555555555514,0.06186040873047848,-6.528001617092515e-13,0.6079,85.32410576306916
15.399999999999961,3.1028799675859657,19.387194657966536,-2.228218026875646,5.5555555555555545,0.05680739068841572,4.11714434286365e-13,0.7779,85.87963180650796
15.499999999999961,2.7764274767802126,18.93767332127465,-2.2210692837006283,5.555555555555458,0.051442578065245506,-9.68668858381893e-13,0.7074,86.43516386165646
15.59999999999996,2.451583071193538,18.486988204895848,-2.214792436308869,5.555555555555458,0.04517408968437874,3.2391394145970847e-15,0.712,86.9907036048374
15.69999999999996,2.128655525313709,18.034927461627145,-2.2090105946458407,5.555555555555428,0.041614242413073696,-2.8980651011655127e-13,0.6746,87.54624685040129
15.79999999999996,1.8073722176382647,17.581696504483464,-2.2037528496782204,5.555555555555514,0.03784446942694212,8.504831943588574e-13,0.5395,88.10179247755538
15.89999999999996,1.487088424298693,17.127758465550677,-2.1992398670795454,5.555555555554568,0.03248633088828288,-9.456036555752914e-12,0.721,88.65734163448356
15.99999999999996,1.1676669000950448,16.673213111476347,-2.195364519452718,5.555555555554711,0.027897978851417055,1.4260462124392327e-12,0.6065,89.21289406558435
16.09999999999996,0.8492834081659353,16.217939990496408,-2.191877780920857,5.55555555555493,0.025101222204263755,2.1926964343592224e-12,0.6093,89.7684476971614
16.19999999999996,0.5315807036753304,15.76219144661633,-2.1888768885946126,5.555555555555,0.021604323818362012,7.042813301315005e-13,0.441,90.32400194645673
16.29999999999996,0.214171366498364,15.306238448371317,-2.18645090911826,5.555555555554446,0.0174659421478503,-5.5453380886732155e-12,0.6859,90.87955695069017
16.399999999999963,-0.10326901340339317,14.850306989119355,-2.1846332040437253,5.555555555554811,0.01308700956408783,3.6479124845647574e-12,0.6991,91.43511252955385
16.499999999999964,-0.4204855367165543,14.39421972199929,-2.1831390964699904,5.555555555554362,0.010757315185756476,-4.493952908648177e-12,0.638,91.99066766484093
16.599999999999966,-0.737939732086158,13.938297817176034,-2.1821365155515906,5.555555555554689,0.007218504250778327,3.2761466684008577e-12,0.3957,92.54622172747155
16.699999999999967,-1.0559054258433536,13.482732468549614,-2.1816522003544954,5.55555555555492,0.0034870605854782875,2.309528707979876e-12,0.5621,93.10177367084988
16.79999999999997,-1.374692153132766,13.027741262400351,-2.1817258543063103,5.5555555555551575,-0.0005303084219977833,2.3723023529928045e-12,0.5677,93.65732372287081
16.89999999999997,-1.6940661382280426,12.573162084016976,-2.182096492514752,5.555555555555024,-0.0026685911416018636,-1.3365636364092305e-12,0.5498,94.21287170497449
16.99999999999997,-2.014660832859051,12.119443013932887,-2.1830323210910354,5.555555555555321,-0.00673790202042529,2.9633057864975494e-12,0.6006,94.76841657976145
17.099999999999973,-2.336545088109149,11.666637922297305,-2.1844338210814116,5.55555555555537,-0.010090585880994015,4.914370564912779e-13,0.5093,95.3239557507794
17.199999999999974,-2.660005201373877,11.214957242337736,-2.186343382741707,5.555555555555435,-0.013748302553790497,6.451457409612195e-13,0.5115,95.87949015315056
17.299999999999976,-2.9851640877034606,10.764497998443364,-2.1887057590592662,5.5555555555550535,-0.017008084438599035,-3.8080058176313564e-12,0.7008,96.43502050652857
17.399999999999977,-3.312246689701489,10.315433703630573,-2.1915351609514016,5.555555555555416,-0.0203699326409558,3.627119138674717e-12,0.5276,96.9905436161969
17.49999999999998,-3.6417878782198594,9.868170616201581,-2.195012482386243,5.555555555555417,-0.025033445727982443,5.328240753112297e-15,0.5313,97.5460557641999
17.59999999999998,-3.973791797414001,9.422732667017794,-2.1989873889500213,5.555555555555507,-0.0286144455827784,9.08499415785256e-13,0.5336,98.1015600645132
17.69999999999998,-4.308504774777306,8.97932689452877,-2.2034795358780714,5.555555555555557,-0.03233641251673547,4.965088026903816e-13,0.8589,98.65705655070369
17.799999999999983,-4.646115172235813,8.538123366299523,-2.208473743936588,5.555555555555545,-0.03594861767451194,-1.2533337899596995e-13,0.5677,99.21253752151236
17.899999999999984,-4.9874951483184775,8.099830311400499,-2.214340530167413,5.555555555555581,-0.04222517201264993,3.633681683119575e-13,0.5625,99.76799993027164
17.999999999999986,-5.332304742867292,7.664230401333695,-2.2206907319956097,5.555555555555633,-0.04570156062802804,5.187501548730741e-13,0.5103,100.32344988804519
18.099999999999987,-5.680952260899748,7.231696427706225,-2.2276485336520704,5.555555555555414,-0.05007001071955263,-2.1832029514105864e-12,0.9628,100.87888223012608
18.19999999999999,-6.033990603305341,6.802739133157281,-2.235395372111233,5.555555555555566,-0.05574113817614963,1.518175401433358e-12,0.5977,101.43428245270071
18.29999999999999,-6.392075181163053,6.37798573940847,-2.244135844915886,5.555555555555379,-0.06287957800310259,-1.875603303781092e-12,1.1315,101.98965444657019
18.39999999999999,-6.754998102822115,5.957359235852791,-2.25353610182663,5.555555555555525,-0.06761739771679533,1.462453487509821e-12,0.545,102.54500456141784
18.499999999999993,-7.122974525087968,5.54114687583884,-2.263589093208189,5.555555555555571,-0.07230273023084174,4.619940956677624e-13,0.611,103.10031075068241
18.599999999999994,-7.497696469419363,5.130998135132605,-2.2751712418838355,5.55555555555565,-0.08327105021233074,7.917994641618265e-13,0.6624,103.6555599947848
18.699999999999996,-7.878284172300395,4.726286997874208,-2.287439470939278,5.5555555555555625,-0.08818819374108851,-8.823774406289418e-13,0.7712,104.21076780939056
18.799999999999997,-8.265148061252507,4.327571682926399,-2.3005254451768002,5.555555555555653,-0.09404549132902389,9.025991515153845e-13,0.7156,104.76590987684924
18.9,-8.660103338717489,3.936871542452841,-2.315417959713353,5.5555555555557,-0.10697065289233261,4.697286196399431e-13,0.7185,105.32094988726713
19.0,-9.063055804371531,3.5544261886122337,-2.331722184577491,5.5555555555557055,-0.11705557679202015,5.616195907912428e-14,0.754,105.87590500782287
19.1,-9.473318813685005,3.179834713909893,-2.3487593552559156,5.555555555555739,-0.12228579506836197,3.398678099416943e-13,0.8162,106.43075312896023
19.200000000000003,-9.893348451384625,2.81623126680717,-2.3680912217982577,5.5555555555557925,-0.13863273506297452,5.312221858028516e-13,0.8033,106.98542919600416
19.300000000000004,-10.323481041862157,2.464640542168355,-2.389594249464859,5.555555555555818,-0.1540573115218481,2.5390076133263797e-13,0.8002,107.53994113119063
19.400000000000006,-10.76226445914023,2.1239086259106585,-2.4119457631751144,5.5555555555558644,-0.1600730665782708,4.592199780980542e-13,0.8152,108.09426568681984
19.500000000000007,-11.212453979231126,1.7984013559777297,-2.437188642504159,5.555555555555886,-0.1805171614879517,2.1755851528799924e-13,0.8489,108.64829049237582
19.60000000000001,-11.67460050659504,1.4901125357164358,-2.4654663214167436,5.555555555555887,-0.201874711755094,1.2724121647030528e-14,0.8642,109.20201810872487
19.70000000000001,-12.146410059824412,1.1968280773861695,-2.4946783233561893,5.555555555555766,-0.20842762090012917,-1.2040735841242826e-12,1.6092,109.75538688685201
19.80000000000001,-12.631151036276965,0.9254616334718992,-2.527916763951329,5.5555555555555864,-0.23653630756913896,-1.7974649566064425e-12,1.3385,110.30822195488867
19.900000000000013,-13.127698220959742,0.6763648534372295,-2.564095261867876,5.555555555555506,-0.25691696077785703,-8.104542004972666e-13,1.19,110.86049910970422
20.000000000000014,-13.635438669583898,0.45097006672323214,-2.6029375941380914,5.555555555555384,-0.2752696091033611,-1.2176862444602938e-12,1.6728,111.41213247176628
20.100000000000016,-14.155842081495516,0.25661887696736596,-2.6469769037368853,5.555555555555514,-0.3107410316478667,1.2970335871909497e-12,1.1908,111.96297673837309
20.200000000000017,-14.686655949512875,0.09284852497914875,-2.6944191404431264,5.555555555555598,-0.3337121223383083,8.465887605268648e-13,1.2272,112.513152797471
20.30000000000002,-15.226814574902516,-0.036777064705582146,-2.7457801835427396,5.555555555555667,-0.3598991289267204,6.936350928916205e-13,1.0902,113.06262520541334
20.40000000000002,-15.775376977602463,-0.12416026757726518,-2.803420670651921,5.5555555555556175,-0.4012315968353466,-4.998829285150075e-13,1.1378,113.61157529399134
20.50000000000002,-16.32881014176628,-0.17167394787238865,-2.864569808900734,5.555555555555413,-0.4239725006365186,-2.0401192719764287e-12,0.9843,114.16043283851218
20.600000000000023,-16.88421485022008,-0.1796542619312159,-2.9281331737373417,5.5555555555555385,-0.4394675794403573,1.2482429403644257e-12,0.7153,114.7093222498306
20.700000000000024,-17.43855496449296,-0.1445277475031819,-2.995047427482203,5.555555555555611,-0.46076393126498555,7.263822784264492e-13,0.8139,115.25851690032238
20.800000000000026,-17.988919021496606,-0.06954811254480837,-3.063198058546676,5.555555555555611,-0.46855898452174133,2.932631405447775e-15,1.8304,115.80831952779049
20.900000000000027,-18.53330391550755,0.04077238552145124,-3.1304917257883926,5.5555555555555385,-0.46315965639889306,-7.326882546926047e-13,2.3903,116.35899910182792
21.00000000000003,-19.069452035870068,0.18593789637666927,3.086070065782847,5.555555555555626,-0.45892596609035974,8.829216451026007e-13,1.9003,116.91035926958097
21.10000000000003,-19.595953323369994,0.36293970315394253,3.021045716995824,5.5555555555555705,-0.4487830903701841,-5.572516244660939e-13,1.8388,117.46234068723942
21.20000000000003,-20.114095023064024,0.5631352344738503,2.9609405160092392,5.555555555555449,-0.41723353547019115,-1.220173212047961e-12,2.0045,118.0150984303324
21.300000000000033,-20.62199396309994,0.7880714911327158,2.9036787910166018,5.555555555555423,-0.39876125726732325,-2.579254375406061e-13,1.5279,118.5682273594254
21.400000000000034,-21.118496271572887,1.0371687613700185,2.8486119207554133,5.555555555555547,-0.38438792693762003,1.244562680233131e-12,1.2121,119.1216321421491
21.500000000000036,-21.60514910296515,1.3050196434321353,2.79760769408458,5.5555555555554585,-0.3575269131261694,-8.859818694354035e-13,1.0286,119.67536070159815
21.600000000000037,-22.0808340717025,1.5919097081006388,2.749355970268459,5.555555555555378,-0.3391452588747147,-8.099430778354251e-13,0.9928,120.22922555070049
21.70000000000004,-22.544695361535986,1.8975560390880308,2.7031113011345553,5.555555555555321,-0.3256520189661061,-5.646474314679821e-13,1.0788,120.78319523867589
21.80000000000004,-22.998189751712324,2.2183941423239153,2.660033609029633,5.555555555555459,-0.30421228653131865,1.3814607227187852e-12,0.7242,121.3373243777384
21.90000000000004,-23.440130951081546,2.554974551184463,2.618869191659791,5.555555555555595,-0.29117495986523034,1.35842779956694e-12,0.7227,121.89153550987423
22.000000000000043,-23.870297028857863,2.906484176286561,2.579380503562467,5.555555555555703,-0.2797057570786351,1.0777980197234874e-12,0.7191,122.44579814686712
22.100000000000044,-24.289179377445016,3.271372205770103,2.5418222592263033,5.555555555555576,-0.2664366677122346,-1.266537566069467e-12,1.1651,123.00013351754622
22.200000000000045,-24.696776793729132,3.648828572364906,2.5059947724253004,5.555555555555668,-0.25449046981619844,9.238685733809203e-13,0.6728,123.55451806818196
22.300000000000047,-25.092304327211547,4.038916840226384,2.471227041857624,5.555555555555533,-0.24715330568634566,-1.3543533611102852e-12,0.9246,124.1089183062836
22.40000000000005,-25.475925418499184,4.440722447513504,2.4375970191621095,5.555555555555428,-0.23925805279901008,-1.0446966446075608e-12,0.9622,124.66333828368695
22.50000000000005,-25.84770275209652,4.853513409714461,2.40506991446958,5.555555555555406,-0.2315865168884357,-2.24778405889866e-13,0.8606,125.21777655261432
22.60000000000005,-26.20698646040053,5.277224453002595,2.3731869443852256,5.5555555555555305,-0.22709825345341764,1.2451049242709768e-12,0.4065,125.77221582163148
22.700000000000053,-26.55373073751682,5.711258183377002,2.34194555165108,5.555555555555455,-0.22262215440041896,-7.593224426796253e-13,0.3053,126.32664626785154
22.800000000000054,-26.887521077974693,6.155331999856304,2.311125844635937,5.555555555554951,-0.2196771483298801,-5.0343225759236895e-12,1.004,126.88105864990378
22.900000000000055,-27.208114917152617,6.609025376720124,2.28065127337115,5.555555555553805,-0.21726499457538415,-1.1467133664952448e-11,0.8192,127.4354499920704
23.000000000000057,-27.51501614344796,7.0720911999722125,2.2503234263328604,5.555555555555569,-0.21623906194982712,1.764354137600357e-11,0.3024,127.98981772469364
23.10000000000006,-27.808032673162504,7.544065638866121,2.2201487198703393,5.555555555556011,-0.21516796289514248,4.424819914521502e-12,0.5001,128.54414020525698
23.20000000000006,-28.08599090409908,8.025061730149748,2.189628279722105,5.555555555556122,-0.21758566309549002,1.1091891167934238e-12,0.5152,129.0984039811375
23.30000000000006,-28.34913991642418,8.514316892471639,2.159106929183718,5.555555555555702,-0.21759202733508642,-4.204378035049917e-12,0.9465,129.65262412489236
23.400000000000063,-28.596674048214005,9.011654240685065,2.1283114950001267,5.555555555555833,-0.21950755721228074,1.314344299378148e-12,0.5246,130.20677960964233
23.500000000000064,-28.827401859608294,9.517006794792673,2.096855570911334,5.555555555555827,-0.22411949950461188,-6.348112502563879e-14,0.6009,130.76083158328518
23.600000000000065,-29.0409850618247,10.029839969727583,2.064862011021895,5.555555555555551,-0.22786923892270747,-2.7621024742824757e-12,1.1103,131.31479688153362
23.700000000000067,-29.236694552210423,10.549755723310321,2.0322341685761707,5.555555555555274,-0.2322879265574042,-2.767659912596909e-12,0.6777,131.86869849161758
23.800000000000068,-29.414307151871682,11.076127793642822,1.9991310316809054,5.55555555555543,-0.23559535362279385,1.5649577265941286e-12,0.805,132.42248251271357
23.90000000000007,-29.570904104087976,11.609127242632367,1.9644369696909774,5.555555555555611,-0.2466426458919855,1.8156158774460328e-12,0.6697,132.97612292730886
24.00000000000007,-29.707859875774126,12.147507478926682,1.929266581146022,5.5555555555557605,-0.24994305612097717,1.4892758663271683e-12,0.8663,133.5296598565397
24.100000000000072,-29.824061533268196,12.690744001721038,1.8933212370035755,5.55555555555551,-0.2553054091868429,-2.5090847894500003e-12,1.0266,134.08302928816804
24.200000000000074,-29.91697618216149,13.238441481286722,1.8557449221449922,5.555555555555605,-0.26656115132811903,9.464767315560477e-13,0.7179,134.6361429681891
24.300000000000075,-29.986198392817442,13.789632294200164,1.8168293993100801,5.555555555555705,-0.2757722781425959,9.903252430252389e-13,0.8024,135.18908511487328
24.400000000000077,-30.03084970337963,14.343352940837974,1.7765717682967201,5.555555555555771,-0.28497439819734255,6.660667939485386e-13,0.7219,135.7419517639026
24.500000000000078,-30.04807258096535,14.89859967859676,1.7340926100695035,5.555555555555709,-0.30014052179614176,-6.197330964593287e-13,1.2273,136.2947600211494
24.60000000000008,-30.037283052826364,15.454004815799859,1.6896946155287647,5.5555555555555065,-0.3131721051442673,-2.022706824299569e-12,1.0992,136.8475918717162
24.70000000000008,-30.00138164529573,16.00835299125106,1.6450914169310265,5.555555555555597,-0.31456190044039467,9.035698208834416e-13,0.7961,137.40049878136517
24.800000000000082,-29.940317096320076,16.56049558896189,1.6002780179684786,5.555555555555668,-0.31598475817891014,7.110163377003478e-13,0.9328,137.9535431355693
24.900000000000084,-29.85583956300067,17.109544896813038,1.5560185105613338,5.55555555555556,-0.312233744801891,-1.0836833395574137e-12,1.1493,138.50683573718254
25.000000000000085,-29.748323813827465,17.654552358927887,1.5122777771452396,5.555555555555474,-0.30871562999636165,-8.598825540072957e-13,1.0647,139.06030223975594
25.100000000000087,-29.618328501773263,18.194640533891693,1.469095266290378,5.555555555555571,-0.30492471997070614,9.793699469905221e-13,0.7947,139.61389481669204
25.200000000000088,-29.468179056508184,18.72947898017838,1.4272860854543086,5.555555555555654,-0.2955754384243124,8.218449301362073e-13,0.6679,140.167655603096
25.30000000000009,-29.298880121303412,19.258570522932004,1.3868819157694612,5.5555555555555145,-0.28597734829065696,-1.3956746723633011e-12,1.0205,140.72155125309519
25.40000000000009,-29.109831101226785,19.78093234512676,1.3471645839250417,5.55555555555561,-0.2812733892459878,9.562552916512646e-13,0.6234,141.27551132692676
25.500000000000092,-28.902091973575807,20.296148479204618,1.308340738476025,5.5555555555556975,-0.2751426289424361,8.723787243146725e-13,0.6326,141.82955818632058
25.600000000000094,-28.67791543641832,20.804431139590392,1.2711396370230073,5.555555555555785,-0.26397534703066244,8.77416924206409e-13,0.6963,142.38371838190469
25.700000000000095,-28.436675165118235,21.304842029347043,1.2347546401253071,5.555555555555652,-0.2583435852977117,-1.328357503042385e-12,0.9415,142.93793495939144
25.800000000000097,-28.179114585116746,21.79705341145536,1.1992184440535296,5.55555555555572,-0.25247540576477623,6.723383912154655e-13,0.6333,143.49219524227192
25.900000000000098,-27.90640986627626,22.281040602160452,1.1647754326027155,5.555555555555817,-0.2449018019754423,9.772155804055104e-13,0.6312,144.04651866887096
26.0000000000001,-27.619245207579333,22.75659264379633,1.1313761620280616,5.555555555555846,-0.2376544430214283,2.8772284788695495e-13,0.64,144.6008911293687
26.1000000000001,-27.317302053163328,23.22290203938872,1.098466776708444,5.5555555555558405,-0.23424747998538178,-5.4514858803193614e-14,0.4991,145.1552865905652
26.200000000000102,-27.00165688393359,23.68004923752775,1.0663422525168187,5.555555555554765,-0.22878204927508755,-1.0753085843202505e-11,0.6713,145.709706513928
26.300000000000104,-26.672820003206,24.127802425018714,1.0349383756890846,5.5555555555543314,-0.22375628711926196,-4.331897930453473e-12,0.9602,146.26414923282022
26.400000000000105,-26.33090842782714,24.56565378881136,1.0039904306380418,5.555555555554631,-0.22057300041074202,2.991698390694847e-12,1.0317,146.81859953476518
26.500000000000107,-25.97620955060605,24.993212657087245,0.9733818092450471,5.555555555555088,-0.21820205843681875,4.571310552545465e-12,0.1686,147.37304811632112
26.600000000000108,-25.609234322788595,25.41028297131637,0.9431473632537637,5.555555555555049,-0.2155858309471865,-3.8675047172802904e-13,0.4483,147.92748376330516
26.70000000000011,-25.230121098427603,25.81635181799595,0.9130936884145118,5.555555555555259,-0.21432122380212285,2.093567035941981e-12,0.4229,148.48189841850407
26.80000000000011,-24.83889130760938,26.210760127050996,0.8829872387836915,5.55555555555561,-0.21469046057727495,3.5153233021208894e-12,0.3829,149.0362947411641
26.900000000000112,-24.436124714507308,26.593379899584832,0.8529812931032997,5.555555555555836,-0.2139872573241964,2.2568895371320624e-12,0.5526,149.59065111867395
27.000000000000114,-24.02159280689123,26.963219919962278,0.8226686674871303,5.55555555555574,-0.21613261372879358,-9.62782277517592e-13,0.5705,150.14493933148032
27.100000000000115,-23.595554333017247,27.319743469592847,0.7920240652944625,5.555555555555179,-0.21845353810022214,-5.611939245226565e-12,1.0089,150.69917563133453
27.200000000000117,-23.158617292644156,27.662823125246756,0.7612558178117582,5.5555555555547995,-0.21931759795615371,-3.790319660056813e-12,0.9406,151.2533250457966
27.300000000000118,-22.709900936889884,27.990343439386894,0.7294295095230463,5.555555555554986,-0.2267031663260383,1.86556965998891e-12,0.6511,151.80732587780938
27.40000000000012,-22.24992451919302,28.301849854119098,0.6967753441481164,5.555555555555194,-0.23247118262012623,2.0754781814423033e-12,0.6154,152.36120540941607
27.50000000000012,-21.779614685373126,28.597523062540883,0.6637863310990754,5.555555555555356,-0.23480149116022273,1.6260753908954276e-12,0.8334,152.9149325989228
27.600000000000122,-21.29760231838961,28.873701814906656,0.6288727982105661,5.5555555555554825,-0.24816375029839763,1.2570868637788512e-12,0.9478,153.46840456333823
27.700000000000124,-20.804536748309808,29.129619804683685,0.5923527587172828,5.555555555555578,-0.2592761922738944,9.537630056997287e-13,0.9057,154.02161280870524
27.800000000000125,-20.302333055032737,29.367104306402187,0.5557074056585862,5.555555555555466,-0.2601413605239647,-1.118802496723275e-12,1.2755,154.5744415925862
27.900000000000126,-19.78950108919417,29.58065960070856,0.516524127201148,5.555555555555581,-0.27761047451859727,1.1512542226449039e-12,1.1343,155.12662199293297
28.000000000000128,-19.266005876171803,29.766530579841913,0.4739040634218843,5.555555555555422,-0.30109964394052335,-1.5900512425209819e-12,1.2135,155.67813424836413
28.10000000000013,-18.734330080500694,29.9275078059376,0.43018509088837054,5.55555555555554,-0.30856795309146456,1.1795574460983963e-12,1.34,156.2288443617637
28.20000000000013,-18.193011499417253,30.0522204800533,0.38072297293270313,5.555555555555626,-0.3472462604426631,8.607773544224421e-13,1.262,156.7785325696656
28.300000000000132,-17.64403197990657,30.136985960573675,0.3255527974725082,5.555555555555697,-0.3850666445326815,7.027062972419268e-13,1.3545,157.32753714285434
28.400000000000134,-17.090446759046596,30.182770437708477,0.2666711392260099,5.555555555555561,-0.4093057412607216,-1.356604039654452e-12,1.1787,157.8761911841034
28.500000000000135,-16.53498798068385,30.18446344639802,0.2028772547267758,5.55555555555551,-0.44094051211140084,-5.059912633346928e-13,1.1627,158.42473971228634
28.600000000000136,-15.98108087794959,30.14307304818528,0.13579152121666177,5.555555555555614,-0.4618470993618933,1.0407926023600795e-12,0.7558,158.97363561052984
28.700000000000138,-15.431262378419941,30.06417337721245,0.0685022999045445,5.555555555555695,-0.46313160204693926,8.09462355224062e-13,1.6871,159.52313293043449
28.80000000000014,-14.887818800391635,29.949300183291186,0.0015702834774004304,5.55555555555575,-0.46087616121895625,5.523638849796635e-13,1.9119,160.07332374951457
28.90000000000014,-14.354448782547124,29.79426188486465,-0.06717444564021145,5.555555555555789,-0.4722924990819193,3.8748723734994853e-13,2.1619,160.62413491364578
29.000000000000142,-13.830219685336104,29.61064177378701,-0.13242384046616362,5.555555555555819,-0.4502138731715868,3.05420200552221e-13,1.9394,161.17586734793775
29.100000000000144,-13.316859957470367,29.398504187481787,-0.19522075742864164,5.5555555555556255,-0.43456197059595947,-1.9336464396403786e-12,1.9541,161.72825863009066
29.200000000000145,-12.816146880121607,29.15802085727411,-0.25636960175184415,5.555555555555695,-0.42397060651957863,6.954060080928004e-13,1.4795,162.2811325556183
29.300000000000146,-12.325870904281867,28.89688989186451,-0.3128583987784993,5.555555555555754,-0.3937109039604072,5.955497290871059e-13,1.1451,162.8346097246873
29.400000000000148,-11.847937343754097,28.613787468359863,-0.3666830929477777,5.555555555555667,-0.376209911238334,-8.664816350995046e-13,1.0754,163.38841427107826
29.50000000000015,-11.382134158843176,28.31112780698181,-0.4175329271325827,5.55555555555525,-0.356499702015659,-4.175615057000569e-12,1.2436,163.9424894313786
29.60000000000015,-10.925726473370187,27.994458000505713,-0.463454471954186,5.55555555555524,-0.3234727679699004,-9.605896841599183e-14,1.095,164.4968655194885
29.700000000000152,-10.481821771844963,27.66048115215155,-0.5075717759052301,5.555555555555157,-0.31126985048635886,-8.386901397429185e-13,1.0105,165.05137578722855
29.800000000000153,-10.048799406737015,27.312501260892248,-0.5487465471316348,5.555555555554924,-0.29124567976767185,-2.3293041443678974e-12,1.0757,165.60604539239094
29.900000000000155,-9.62367545202498,26.954902214848936,-0.5853831431986368,5.555555555554827,-0.2600809098464214,-9.713186703964093e-13,1.2245,166.16090049045036
30.000000000000156,-9.20905657460163,26.585169764822684,-0.6201443571671876,5.555555555555109,-0.2471081367952416,2.8143676532615357e-12,0.7353,166.7158334138863
30.100000000000158,-8.803649377899847,26.205353815258327,-0.6524396639892243,5.555555555555147,-0.22997203447531495,3.821730399561025e-13,0.9627,167.27085010209316
30.20000000000016,-8.405208928989952,25.818228838694925,-0.6813097200615301,5.555555555555328,-0.2060306433257576,1.8116239883451891e-12,0.834,167.82598012176348
30.30000000000016,-8.01474579007561,25.42305543140792,-0.7081227256188086,5.555555555555134,-0.1915805584728338,-1.933699783471185e-12,1.2402,168.38116786521945
30.400000000000162,-7.631757784826618,25.020629939535365,-0.732976060832218,5.555555555555287,-0.17776803314924824,1.5256375093916949e-12,0.7884,168.93639590917127
30.500000000000163,-7.255223097341063,24.612156717741215,-0.7556575946367871,5.55555555555524,-0.1624109711180426,-4.67229972810706e-13,1.0454,169.4916858400345
